{"length": 1, "blocks": [{"height": 0, "proof": 42, "transactions": [{"sender": "30819f300d06092a864886f70d010101050003818d0030818902818100ce76527d9414ed98eadbecd0bded84cd735cefd447c0ea8808c2e5ede4ae32928906a7fd031c5db44c0edfdd2f3bf4ca5e5e09ee26a294a148e2707a75b9cd7d3d80a4ab2a15bee825cccec76b1225173a45b7b7a79df9cefaa2936a199fa597076d6bfdadde62f39c8b023c89b4ba9c2bad46ad32c09ebbff5e3da112e8da870203010001", "inputs": [], "outputs": [{"recipient_address": "30819f300d06092a864886f70d010101050003818d0030818902818100ce76527d9414ed98eadbecd0bded84cd735cefd447c0ea8808c2e5ede4ae32928906a7fd031c5db44c0edfdd2f3bf4ca5e5e09ee26a294a148e2707a75b9cd7d3d80a4ab2a15bee825cccec76b1225173a45b7b7a79df9cefaa2936a199fa597076d6bfdadde62f39c8b023c89b4ba9c2bad46ad32c09ebbff5e3da112e8da870203010001", "value": 5000, "message": null}], "timestamp": 1668136067.0818524, "signature": "1555bcbff0dadfe575e70b3929456e3a364969ffaef53645d467ea70426302f94b3b71fe5c989e4bc3669d776174f7bd35e803d89356899c768b18a18ba3d6d06b631179f9000c40c1fd6d83c636b31b41eb3498dfa06da737baa03825d2ace35c4b8df0bf7501ebfe20e040c200a8d38253128dae8ecd81c873723e12cc928d"}], "previous_hash": "first block", "timestamp": 1668136067.0813785}], "utxos": [{"block_index": 0, "transaction_index": 0, "output_index": 0}]}